USE POWER;
DROP TABLE powers;
CREATE TABLE powers 
(
    year	INT PRIMARY key,
    power_A FLOAT,
    ps_C	FLOAT,
    amount_of_tatal_loss_A_C	FLOAT,`power`
    total_loss_rate	FLOAT,
    KEY `FK_power_A_power_distribution` (`power_A`),aaa
    KEY `FK_ps_C_powers` (`ps_C`),
    CONSTRAINT `FK_power_A_powers` FOREIGN KEY (`power_A`) REFERENCES power_distribution(`power_A`),
    CONSTRAINT `FK_ps_C_powers` FOREIGN KEY (`ps_C`) REFERENCES power_sales(`ps_C`)
);

INSERT INTO powers VALUES ('1961', '1683584.0', '1189386.0', '494198.0', '29.35');
INSERT INTO powers VALUES ('1962', '1890865.0', '1470100.0', '420764.0', '22.35');
INSERT INTO powers VALUES ('1963', '2133558.0', '1695620.0', '437938.0', '20.53');
INSERT INTO powers VALUES ('1964', '2551965.0', '2043413.0', '508522.0', '19.93');
INSERT INTO powers VALUES ('1965', '3049563.0', '2463687.0', '585875.0', '19.21');
INSERT INTO powers VALUES ('1966', '3672543.0', '3008472.0', '664060.0', '18.08');
INSERT INTO powers VALUES ('1967', '4671385.0', '3902907.0', '768478.0', '16.45');
INSERT INTO powers VALUES ('1968', '5743657.0', '4850423.0', '893233.0', '15.55');
INSERT INTO powers VALUES ('1969', '7348356.0', '6357800.0', '990557.0', '13.48');
INSERT INTO powers VALUES ('1970', '8779743.0', '7739941.0', '1039801.0', '11.84');
INSERT INTO powers VALUES ('1971', '10028273.0', '8883592.0', '1144681.0', '11.42');
INSERT INTO powers VALUES ('1972', '11207639.0', '9992345.0', '1215293.0', '10.84');
INSERT INTO powers VALUES ('1973', '13955724.0', '12366865.0', '1588859.0', '11.38');
INSERT INTO powers VALUES ('1974', '15911799.0', '14048051.0', '1863748.0', '11.71');
INSERT INTO powers VALUES ('1975', '18751727.0', '16630354.0', '2121374.0', '11.31');
INSERT INTO powers VALUES ('1976', '21918877.0', '19620296.0', '2298601.0', '10.49');
INSERT INTO powers VALUES ('1977', '25171533.0', '22833097.0', '2338436.0', '9.29');
INSERT INTO powers VALUES ('1978', '29843603.0', '27326327.0', '2517277.0', '8.43');
INSERT INTO powers VALUES ('1979', '33668645.0', '31144712.0', '2523933.0', '7.5');
INSERT INTO powers VALUES ('1980', '35082857.0', '32734418.0', '2348439.0', '6.69');
INSERT INTO powers VALUES ('1981', '37950201.0', '35424455.0', '2525746.0', '6.66');
INSERT INTO powers VALUES ('1982', '40554656.0', '37879626.0', '2675030.0', '6.6');
INSERT INTO powers VALUES ('1983', '45494797.0', '42620384.0', '2874412.0', '6.32');
INSERT INTO powers VALUES ('1984', '50237757.0', '47051137.0', '3186620.0', '6.34');
INSERT INTO powers VALUES ('1985', '53908278.0', '50732095.0', '3176183.0', '5.89');
INSERT INTO powers VALUES ('1986', '59818134.0', '56309525.0', '3508609.0', '5.87');
INSERT INTO powers VALUES ('1987', '68274720.0', '64169084.0', '4105636.0', '6.01');
INSERT INTO powers VALUES ('1988', '78855492.0', '74317726.0', '4537766.0', '5.75');
INSERT INTO powers VALUES ('1989', '87512175.0', '82191862.0', '5320313.0', '6.08');
INSERT INTO powers VALUES ('1990', '100002741.0', '94383292.0', '5619450.0', '5.62');
INSERT INTO powers VALUES ('1991', '110571199.0', '104374022.0', '6197177.0', '5.6');
INSERT INTO powers VALUES ('1992', '122308820.0', '115243978.0', '7064842.0', '5.78');
INSERT INTO powers VALUES ('1993', '135272537.0', '127733923.0', '7538614.0', '5.57');
INSERT INTO powers VALUES ('1994', '155218428.0', '146540499.0', '8677929.0', '5.59');
INSERT INTO powers VALUES ('1995', '172693293.0', '163270294.0', '9422999.0', '5.46');
INSERT INTO powers VALUES ('1996', '192882960.0', '182470373.0', '10412587.0', '5.4');
INSERT INTO powers VALUES ('1997', '211028738.0', '200783627.0', '10245111.0', '4.85');
INSERT INTO powers VALUES ('1998', '203430303.0', '193470338.0', '9959965.0', '4.9');
INSERT INTO powers VALUES ('1999', '225802022.0', '214521910.0', '11280111.0', '5.0');
INSERT INTO powers VALUES ('2000', '251953275.2', '240082085.1', '11871190.1', '4.712');
INSERT INTO powers VALUES ('2001', '269842045.989', '257701607.1', '12140438.889', '4.499');
INSERT INTO powers VALUES ('2002', '290058444.0', '277063960.0', '12994484.0', '4.48');
INSERT INTO powers VALUES ('2003', '305644685.0', '292105447.962', '13539237.038', '4.43');
INSERT INTO powers VALUES ('2004', '324885244.304', '310394798.03', '14490446.274', '4.46');
INSERT INTO powers VALUES ('2005', '346207397.941', '330592629.599', '15614768.342', '4.51');
INSERT INTO powers VALUES ('2006', '363053967.756', '348466740.642', '14587227.114', '4.018');
INSERT INTO powers VALUES ('2007', '384693239.719', '369348078.368', '15345161.351', '3.989');
INSERT INTO powers VALUES ('2008', '401726292.934', '385619916.965', '16106375.968', '4.009');
INSERT INTO powers VALUES ('2009', '411631123.086', '394861383.222', '16769739.864', '4.074');
INSERT INTO powers VALUES ('2010', '451432992.118', '433398755.859', '18034236.259', '3.995');
INSERT INTO powers VALUES ('2011', '472650335.63', '455219953.019', '17430382.611', '3.688');
INSERT INTO powers VALUES ('2012', '484334191.4004', '467042687.327', '17291504.0734', '3.57015969147326');
INSERT INTO powers VALUES ('2013', '491002788.0', '472691677.0', '18311111.0', '3.72933');
INSERT INTO powers VALUES ('2014', '494716612.59', '476446200.871', '18270411.719', '3.69311');
INSERT INTO powers VALUES ('2015', '499239420.894', '481260212.0', '17979209.894', '3.60132');
INSERT INTO powers VALUES ('2016', '514118988.0', '495644146.0', '18474842.0', '3.59');
INSERT INTO powers VALUES ('2017', '525710752.0', '506920655.0', '18790097.0', '3.57');
INSERT INTO powers VALUES ('2018', '543231595.7', '523872240.8', '19359354.97', '3.563738767');
INSERT INTO powers VALUES ('2019', '536197809.487', '517197334.716', '19000474.771', '3.544');
INSERT INTO powers VALUES ('2020', '525850762.0', '507240791.0', '18609971.0', '3.54');
INSERT INTO powers VALUES ('2021', '549623783.305', '530199565.459', '19424217.846', '3.534');

CREATE TABLE power_distribution 
(
    power_A	FLOAT PRIMARY key,
    pd_B	FLOAT,
    amount_of_loss_A_B_ FLOAT,`power`
    pd_loss_rate	FLOAT
);

INSERT INTO power_distribution VALUES ('1683584.0', '1495254.0', '188330.0', '11.19');
INSERT INTO power_distribution VALUES ('1890865.0', '1705277.0', '185587.0', '9.82');
INSERT INTO power_distribution VALUES ('2133558.0', '1901285.0', '232273.0', '10.89');
INSERT INTO power_distribution VALUES ('2551965.0', '2277420.0', '274545.0', '10.76');
INSERT INTO power_distribution VALUES ('3049563.0', '2702991.0', '346572.0', '11.37');
INSERT INTO power_distribution VALUES ('3672543.0', '3280203.0', '392340.0', '10.68');
INSERT INTO power_distribution VALUES ('4671385.0', '4171591.0', '499794.0', '10.7');
INSERT INTO power_distribution VALUES ('5743657.0', '5163366.0', '580291.0', '10.1');
INSERT INTO power_distribution VALUES ('7348356.0', '6746892.0', '601464.0', '8.19');
INSERT INTO power_distribution VALUES ('8779743.0', '8173241.0', '606501.0', '6.91');
INSERT INTO power_distribution VALUES ('10028273.0', '9443795.0', '584479.0', '5.83');
INSERT INTO power_distribution VALUES ('11207639.0', '10585345.0', '622294.0', '5.5');
INSERT INTO power_distribution VALUES ('13955724.0', '13112567.0', '843156.0', '6.04');
INSERT INTO power_distribution VALUES ('15911799.0', '14979995.0', '931804.0', '5.86');
INSERT INTO power_distribution VALUES ('18751727.0', '17608161.0', '1143567.0', '6.1');
INSERT INTO power_distribution VALUES ('21918877.0', '20693990.0', '1225107.0', '5.59');
INSERT INTO power_distribution VALUES ('25171533.0', '23866930.0', '1304603.0', '5.18');
INSERT INTO power_distribution VALUES ('29843603.0', '28403229.0', '1440374.0', '4.83');
INSERT INTO power_distribution VALUES ('33668645.0', '32175201.0', '1493444.0', '4.44');
INSERT INTO power_distribution VALUES ('35082857.0', '33705573.0', '1377284.0', '3.92');
INSERT INTO power_distribution VALUES ('37950201.0', '36453163.0', '1497037.0', '3.95');
INSERT INTO power_distribution VALUES ('40554656.0', '38936063.0', '1618593.0', '3.99');
INSERT INTO power_distribution VALUES ('45494797.0', '43840673.0', '1654124.0', '3.64');
INSERT INTO power_distribution VALUES ('50237757.0', '48360775.0', '1876982.0', '3.73');
INSERT INTO power_distribution VALUES ('53908278.0', '52134071.0', '1774207.0', '3.29');
INSERT INTO power_distribution VALUES ('59818134.0', '57846423.0', '1971711.0', '3.3');
INSERT INTO power_distribution VALUES ('68274720.0', '65820530.0', '2454190.0', '3.59');
INSERT INTO power_distribution VALUES ('78855492.0', '76166959.0', '2688533.0', '3.41');
INSERT INTO power_distribution VALUES ('87512175.0', '84519879.0', '2992296.0', '3.42');
INSERT INTO power_distribution VALUES ('100002741.0', '96761186.0', '3241555.0', '3.24');
INSERT INTO power_distribution VALUES ('110571199.0', '107078182.0', '3493017.0', '3.16');
INSERT INTO power_distribution VALUES ('122308820.0', '118204055.0', '4104765.0', '3.36');
INSERT INTO power_distribution VALUES ('135272537.0', '130952464.0', '4320073.0', '3.19');
INSERT INTO power_distribution VALUES ('155218428.0', '150306190.0', '4912238.0', '3.16');
INSERT INTO power_distribution VALUES ('172693293.0', '166906729.0', '5786564.0', '3.35');
INSERT INTO power_distribution VALUES ('192882960.0', '186585026.0', '6297934.0', '3.27');
INSERT INTO power_distribution VALUES ('211028738.0', '204637553.0', '6391185.0', '3.03');
INSERT INTO power_distribution VALUES ('203430303.0', '196888056.0', '6542247.0', '3.22');
INSERT INTO power_distribution VALUES ('225802022.0', '218519533.0', '7282489.0', '3.23');
INSERT INTO power_distribution VALUES ('251953275.2', '244460311.62', '7492963.58', '2.974');
INSERT INTO power_distribution VALUES ('269842045.989', '262296171.636', '7545874.353', '2.796');
INSERT INTO power_distribution VALUES ('290058444.0', '282149982.0', '7908462.0', '2.727');
INSERT INTO power_distribution VALUES ('305644685.0', '297326501.0', '8318184.0', '2.722');
INSERT INTO power_distribution VALUES ('324885244.304', '316019419.494', '8865824.81', '2.729');
INSERT INTO power_distribution VALUES ('346207397.941', '336548985.915', '9658412.026', '2.79');
INSERT INTO power_distribution VALUES ('363053967.756', '356260248.924', '6793718.832', '1.871');
INSERT INTO power_distribution VALUES ('384693239.719', '378009888.744', '6683350.976', '1.737');
INSERT INTO power_distribution VALUES ('401726292.934', '394246885.467', '7479407.467', '1.862');
INSERT INTO power_distribution VALUES ('411631123.086', '404757942.561', '6873180.525', '1.67');
INSERT INTO power_distribution VALUES ('451432992.118', '444144048.612', '7288943.506', '1.615');
INSERT INTO power_distribution VALUES ('472650335.63', '465440439.82', '7209895.81', '1.525');
INSERT INTO power_distribution VALUES ('484334191.4004', '476693295.188', '7640896.0', '1.41817438098679');
INSERT INTO power_distribution VALUES ('491002788.0', '483172107.0', '7830681.0', '1.59483');
INSERT INTO power_distribution VALUES ('494716612.59', '486874854.084', '7841758.506', '1.5851');
INSERT INTO power_distribution VALUES ('499239420.894', '491285577.0', '7953843.894', '1.59319');
INSERT INTO power_distribution VALUES ('514118988.0', '505937374.0', '8181614.0', '1.59');
INSERT INTO power_distribution VALUES ('525710752.0', '517358021.0', '8352731.0', '1.59');
INSERT INTO power_distribution VALUES ('543231595.7', '534612230.2', '8619365.574', '1.586683404');
INSERT INTO power_distribution VALUES ('536197809.487', '527752245.289', '8445564.198', '1.575');
INSERT INTO power_distribution VALUES ('525850762.0', '517571775.0', '8278987.0', '1.57');
INSERT INTO power_distribution VALUES ('549623783.305', '540972704.668', '8651078.637', '1.574');

CREATE TABLE power_sales 
(
    pd_B_2	FLOAT,
    ps_C	FLOAT primary key,
    amount_of_loss_B_C	FLOAT,
    ps_loss_rate	FLOAT
);

INSERT INTO power_sales VALUES ('1495254.0', '1189386.0', '305868.0', '18.17');
INSERT INTO power_sales VALUES ('1705277.0', '1470100.0', '235177.0', '12.44');
INSERT INTO power_sales VALUES ('1901285.0', '1695620.0', '205665.0', '9.64');
INSERT INTO power_sales VALUES ('2277420.0', '2043413.0', '234007.0', '9.17');
INSERT INTO power_sales VALUES ('2702991.0', '2463687.0', '239303.0', '7.85');
INSERT INTO power_sales VALUES ('3280203.0', '3008472.0', '271720.0', '7.4');
INSERT INTO power_sales VALUES ('4171591.0', '3902907.0', '268684.0', '5.75');
INSERT INTO power_sales VALUES ('5163366.0', '4850423.0', '312943.0', '5.45');
INSERT INTO power_sales VALUES ('6746892.0', '6357800.0', '389093.0', '5.29');
INSERT INTO power_sales VALUES ('8173241.0', '7739941.0', '433300.0', '4.93');
INSERT INTO power_sales VALUES ('9443795.0', '8883592.0', '560202.0', '5.59');
INSERT INTO power_sales VALUES ('10585345.0', '9992345.0', '592999.0', '5.29');
INSERT INTO power_sales VALUES ('13112567.0', '12366865.0', '745703.0', '5.34');
INSERT INTO power_sales VALUES ('14979995.0', '14048051.0', '931944.0', '5.86');
INSERT INTO power_sales VALUES ('17608161.0', '16630354.0', '977807.0', '5.21');
INSERT INTO power_sales VALUES ('20693990.0', '19620296.0', '1073494.0', '4.9');
INSERT INTO power_sales VALUES ('23866930.0', '22833097.0', '1033833.0', '4.11');
INSERT INTO power_sales VALUES ('28403229.0', '27326327.0', '1076903.0', '3.61');
INSERT INTO power_sales VALUES ('32175201.0', '31144712.0', '1030489.0', '3.06');
INSERT INTO power_sales VALUES ('33705573.0', '32734418.0', '971155.0', '2.77');
INSERT INTO power_sales VALUES ('36453163.0', '35424455.0', '1028709.0', '2.71');
INSERT INTO power_sales VALUES ('38936063.0', '37879626.0', '1056437.0', '2.61');
INSERT INTO power_sales VALUES ('43840673.0', '42620384.0', '1220288.0', '2.68');
INSERT INTO power_sales VALUES ('48360775.0', '47051137.0', '1309638.0', '2.61');
INSERT INTO power_sales VALUES ('52134071.0', '50732095.0', '1401975.0', '2.6');
INSERT INTO power_sales VALUES ('57846423.0', '56309525.0', '1536899.0', '2.57');
INSERT INTO power_sales VALUES ('65820530.0', '64169084.0', '1651446.0', '2.42');
INSERT INTO power_sales VALUES ('76166959.0', '74317726.0', '1849233.0', '2.34');
INSERT INTO power_sales VALUES ('84519879.0', '82191862.0', '2328018.0', '2.66');
INSERT INTO power_sales VALUES ('96761186.0', '94383292.0', '2377894.0', '2.38');
INSERT INTO power_sales VALUES ('107078182.0', '104374022.0', '2704160.0', '2.45');
INSERT INTO power_sales VALUES ('118204055.0', '115243978.0', '2960077.0', '2.42');
INSERT INTO power_sales VALUES ('130952464.0', '127733923.0', '3218541.0', '2.38');
INSERT INTO power_sales VALUES ('150306190.0', '146540499.0', '3765691.0', '2.43');
INSERT INTO power_sales VALUES ('166906729.0', '163270294.0', '3636435.0', '2.11');
INSERT INTO power_sales VALUES ('186585026.0', '182470373.0', '4114653.0', '2.13');
INSERT INTO power_sales VALUES ('204637553.0', '200783627.0', '3853926.0', '1.83');
INSERT INTO power_sales VALUES ('196888056.0', '193470338.0', '3417718.0', '1.68');
INSERT INTO power_sales VALUES ('218519533.0', '214521910.0', '3997622.0', '1.83');
INSERT INTO power_sales VALUES ('244460311.62', '240082085.1', '4378226.52', '1.791');
INSERT INTO power_sales VALUES ('262296171.636', '257701607.1', '4594564.536', '1.752');
INSERT INTO power_sales VALUES ('282149982.0', '277063960.0', '5086021.0', '1.803');
INSERT INTO power_sales VALUES ('297326501.0', '292105447.962', '5221053.038', '1.756');
INSERT INTO power_sales VALUES ('316019419.494', '310394798.03', '5624621.464', '1.78');
INSERT INTO power_sales VALUES ('336548985.915', '330592629.599', '5956356.316', '1.77');
INSERT INTO power_sales VALUES ('356260248.924', '348466740.642', '7793508.282', '2.188');
INSERT INTO power_sales VALUES ('378009888.744', '369348078.368', '8661810.376', '2.291');
INSERT INTO power_sales VALUES ('394246885.467', '385619916.965', '8626968.502', '2.188');
INSERT INTO power_sales VALUES ('404757942.561', '394861383.222', '9896559.339', '2.445');
INSERT INTO power_sales VALUES ('444144048.612', '433398755.859', '10745292.753', '2.419');
INSERT INTO power_sales VALUES ('465440439.82', '455219953.019', '10220486.801', '2.196');
INSERT INTO power_sales VALUES ('476693295.188', '467042687.327', '9650607.86100012', '2.02448995159332');
INSERT INTO power_sales VALUES ('483172107.0', '472691677.0', '10480430.0', '2.16909');
INSERT INTO power_sales VALUES ('486874854.084', '476446200.871', '10428653.213', '2.14196');
INSERT INTO power_sales VALUES ('491285577.0', '481260212.0', '10025366.0', '2.04064');
INSERT INTO power_sales VALUES ('505937374.0', '495644146.0', '10293228.0', '2.03');
INSERT INTO power_sales VALUES ('517358021.0', '506920655.0', '10437366.0', '2.02');
INSERT INTO power_sales VALUES ('534612230.2', '523872240.8', '10739989.4', '2.008930734');
INSERT INTO power_sales VALUES ('527752245.289', '517197334.716', '10554910.573', '2.0');
INSERT INTO power_sales VALUES ('517571775.0', '507240791.0', '10330984.0', '2.0');
INSERT INTO power_sales VALUES ('540972704.668', '530199565.459', '10773139.209', '1.991');

SELECT PS.ps_loss_rate
FROM powers P,power_sales PS
WHERE P.ps_C=PS.ps_C;

CREATE TABLE power_generation 
(
    year_	INT PRIMARY KEY,
    seoul	INT,
    busan	INT,
    daegu	INT,
    incheon	INT,
    gwangju	INT,
    daejeon	INT,
    ulsan	INT,
    sejong	INT,
    gyenggi	INT,
    gangwon	INT,
    chungbuk	INT,
    chungnam	INT,
    jeonbuk	INT,
    jeonnam	INT,
    gyeongbuk	INT,
    gyeongnam	INT,
    jeju	INT
);

INSERT INTO power_generation VALUES ('2002', '1075409', '26625596', '121828', '22608174', '0', '213946', '10569580', '0', '18144211', '4933536', '970904', '69836554', '1252727', '46273404', '52705298', '49638106', '1504793');
INSERT INTO power_generation VALUES ('2003', '884477', '28266679', '118450', '21735272', '802', '182435', '10072245', '0', '18504469', '5414429', '1651639', '72764064', '1547279', '52695261', '56594743', '50521793', '1497661');
INSERT INTO power_generation VALUES ('2004', '809665', '36169111', '134805', '27945113', '13733', '264755', '11655794', '0', '15715176', '5165882', '1414103', '77673369', '932129', '50432669', '61887309', '50284904', '1649451');
INSERT INTO power_generation VALUES ('2005', '902858', '35779813', '144580', '33726808', '13166', '217146', '10581146', '0', '17540668', '4706870', '1307779', '78028417', '987269', '57241042', '71230406', '50392078', '1839286');
INSERT INTO power_generation VALUES ('2006', '1249721', '36526608', '137565', '39145681', '17419', '216837', '10424658', '0', '16694238', '5262586', '1189270', '82799958', '797008', '60747503', '73967001', '49930848', '2073808');
INSERT INTO power_generation VALUES ('2007', '1599194', '35738820', '131201', '44781497', '11478', '234641', '11182401', '0', '19095275', '5713912', '1229683', '96253689', '689016', '60025420', '72786922', '51298701', '2352649');
INSERT INTO power_generation VALUES ('2008', '1165462', '37657231', '113907', '49316491', '7701', '203207', '8103303', '0', '17731467', '6822709', '917368', '107216120', '1023244', '61136616', '76121810', '52455358', '2363132');
INSERT INTO power_generation VALUES ('2009', '845145', '36058741', '123589', '54308250', '5457', '187958', '8465778', '0', '17545972', '7515371', '825738', '107224713', '1072400', '65611661', '71951251', '59177399', '2684314');
INSERT INTO power_generation VALUES ('2010', '1546123', '40885522', '146950', '62767222', '37852', '195644', '10149653', '0', '22203575', '8935162', '1150327', '118271670', '4294870', '68152724', '70621571', '62567626', '2733706');
INSERT INTO power_generation VALUES ('2011', '1384406', '39131349', '197978', '68952842', '37369', '156053', '10749542', '0', '23791336', '12046834', '1580100', '118040688', '7181311', '69480707', '71706038', '69578814', '2877993');
INSERT INTO power_generation VALUES ('2012', '1981199', '35685485', '264243', '76386995', '138121', '239222', '14609288', '0', '28546977', '11582557', '1264902', '118763839', '7765133', '64461509', '70202138', '74601938', '3080783');
INSERT INTO power_generation VALUES ('2013', '2184346', '38074350', '302056', '80861254', '581864', '231663', '14048956', '0', '30309811', '12206499', '1285358', '121230287', '7927838', '67705185', '68716362', '68300364', '3181681');
INSERT INTO power_generation VALUES ('2014', '799391', '37424885', '513395', '73425270', '399737', '151727', '9961740', '0', '28777547', '10011236', '808047', '122694924', '7618852', '77493308', '73125603', '75684560', '3080679');
INSERT INTO power_generation VALUES ('2015', '768860', '47218627', '2816369', '68377707', '383433', '168642', '9065208', '8660', '45075935', '8066843', '687366', '114076266', '6539840', '78460707', '84607657', '58739603', '3029468');
INSERT INTO power_generation VALUES ('2016', '874131', '51006660', '3105758', '65939273', '429418', '186769', '13583162', '2840978', '57085319', '10598883', '1156380', '111645164', '9674002', '69054766', '81884729', '58252913', '3122549');
INSERT INTO power_generation VALUES ('2017', '841569', '26550923', '2673615', '62555723', '480426', '184668', '22677064', '3052432', '61850744', '20911898', '1293887', '131897043', '9715713', '66047667', '84097328', '55565893', '3133515');
INSERT INTO power_generation VALUES ('2018', '640739', '38495982', '2649458', '62929390', '514494', '183668', '20588807', '3718198', '74188981', '30980843', '1626983', '129631997', '11742504', '60066483', '76124555', '53192098', '3371318');
INSERT INTO power_generation VALUES ('2019', '1846891', '37527898', '2877895', '60052894', '562074', '167975', '29016048', '2463629', '73976878', '28715887', '1604430', '123904967', '12282266', '55753829', '79827085', '48465021', '3994629');
INSERT INTO power_generation VALUES ('2020', '5122176', '40647380', '2568644', '57135627', '609551', '167834', '29808674', '3552567', '72512661', '27875047', '2221149', '114103936', '12599529', '58217106', '85865577', '35332874', '3821827');
INSERT INTO power_generation VALUES ('2021', '5343889', '40353946', '2811756', '60506261', '644018', '182180', '31503575', '3776643', '82232650', '30622785', '2204815', '111228524', '14322433', '61841016', '81381671', '43885393', '3967926');
